State_Name,State_District_Name,QQ_Institutional_Delivery_Total,QQ_Institutional_Delivery_Rural,QQ_Institutional_Delivery_Urban,QQ_Delivery_At_Government_Institution_Total,QQ_Delivery_At_Government_Institution_Rural,QQ_Delivery_At_Government_Institution_Urban,QQ_Delivery_At_Private_Institution_Total,QQ_Delivery_At_Private_Institution_Rural,QQ_Delivery_At_Private_Institution_Urban,QQ_Delivery_At_Home_Total,QQ_Delivery_At_Home_Rural,QQ_Delivery_At_Home_Urban,QQ_Delivery_At_Home_Conducted_By_Skilled_Health_Personnel_Total,QQ_Delivery_At_Home_Conducted_By_Skilled_Health_Personnel_Rural,QQ_Delivery_At_Home_Conducted_By_Skilled_Health_Personnel_Urban,QQ_Safe_Delivery_Total,QQ_Safe_Delivery_Rural,QQ_Safe_Delivery_Urban,QQ_Caesarean_Out_Of_Total_Delivery_Taken_Place_In_Government_Institutions_Total,QQ_Caesarean_Out_Of_Total_Delivery_Taken_Place_In_Government_Institutions_Rural,QQ_Caesarean_Out_Of_Total_Delivery_Taken_Place_In_Government_Institutions_Urban,QQ_Caesarean_Out_Of_Total_Delivery_Taken_Place_In_Private_Institutions_Total,QQ_Caesarean_Out_Of_Total_Delivery_Taken_Place_In_Private_Institutions_Rural,QQ_Caesarean_Out_Of_Total_Delivery_Taken_Place_In_Private_Institutions_Urban
Assam,Barpeta,52.3,49.6,84.7,45,44,56.7,7.3,5.5,28,47.4,50.2,14.6,19.8,19.6,26.1,57.6,55.1,87.3,10.6,9.9,16.9,64,62.2,68.2
Assam,Bongaigaon,54.8,52,86.6,49.1,48.6,54.8,5.5,3.2,31.7,45.1,47.9,12.8,34.8,34.4,54.1,65,62.7,90.7,7.9,6.1,25.2,60.9,58.1,64.1
Assam,Cachar,64.8,61.5,82.4,54.1,53.6,57.1,10.3,7.5,25.2,34.9,38.1,17.3,35.7,35.3,41.2,69.4,66.6,84.3,8.6,7.4,15.1,54.3,46.3,67.1
Assam,Darrang,63,62.4,NA,57.6,57.7,NA,5.3,4.5,NA,36.6,37.2,NA,24,23.1,NA,67.1,66.3,NA,6.7,6.4,NA,66.6,63.6,NA
Assam,Dhemaji,72.3,71.6,80.3,69.5,69.3,71.3,2.7,2.2,8.5,27.1,27.8,19.5,24.9,24.8,25.8,77.3,76.7,84.5,9,8.6,13.2,44.5,42.3,51.3
Assam,Dhubri,42.4,38.7,82.6,39.3,36.8,66.7,3.1,1.9,16,57.3,61,16.7,23,22.9,29.2,50.7,47.4,87.5,6.2,4.3,17.7,45.3,46.6,43.5
Assam,Dibrugarh,81.2,79.3,89.1,54.7,55.4,51.8,26.5,23.9,37.3,18.6,20.5,10.8,36.4,36.6,35.3,86.5,85.1,92.4,18.3,16.9,24.1,35.2,22.8,67.2
Assam,Goalpara,55.6,54.7,68,51.3,51,54.3,4.4,3.7,13.8,44.2,45.1,32,36,35.7,43,67.2,66.5,77.7,6.7,6.2,12.3,60.2,58.1,67.6
Assam,Golaghat,73,71.3,87.5,59.6,61.7,42.2,13.4,9.6,45.3,26.6,28.3,12.2,43.9,44,42.5,82.2,81,92.4,7.3,6.6,15.9,51,46.1,59.5
Assam,Hailakandi,42.1,37.5,NA,35.9,34.9,NA,6.2,2.5,NA,57.8,62.4,NA,24.4,24.3,NA,45.2,40.9,NA,10.6,10.2,NA,65.4,65.3,NA
Assam,Jorhat,80.8,80.3,82.5,64.9,69,50.1,15.6,11.2,31.8,18.4,18.8,17.1,39.8,37.4,49.4,86.1,85.5,88.2,14.9,13.2,23.4,45.8,36.4,57.9
Assam,Kamrup,84.7,82.1,87.9,64.4,74.9,51,20.1,7,36.8,15.1,17.7,11.9,26.6,24.1,31.4,87.4,84.9,90.7,18.4,14.4,25.9,56.2,46.2,58.6
Assam,Karbi Anglong,59.5,54.6,80.1,55.3,51.2,72.4,4.2,3.4,7.7,40.3,45.3,19.9,33.2,33.3,32.8,68.9,65.1,84.8,8.1,5.9,14.7,56,52.9,61.7
Assam,Karimganj,38.2,36.7,NA,30.2,30.4,NA,6.1,4.7,NA,61.6,63.1,NA,24.5,24.6,NA,44.1,42.8,NA,6.4,5.9,NA,55.1,57.5,NA
Assam,Kokrajhar,58.8,57.5,NA,56.2,56,NA,2.4,1.3,NA,41.2,42.4,NA,40,41,NA,66,65.1,NA,6.9,6.8,NA,46.1,26.3,NA
Assam,Lakhimpur,85.7,85.4,NA,80.7,81.1,NA,5,4.4,NA,14,14.3,NA,17.5,17.7,NA,87.3,87.1,NA,14.3,13.8,NA,49.6,45,NA
Assam,Marigaon,68.3,67.8,83.3,64.5,64.3,70.2,3.8,3.4,13,31.1,31.6,16.7,19.6,19.4,27.8,72.4,71.8,86.5,8,7.6,18.5,47.4,44.5,67.9
Assam,Nagaon,57.9,54.4,80.1,48.7,47.2,59,9.1,7.2,21.1,41.9,45.4,19.4,35.1,35.5,30.1,66.9,64.2,84.3,8.3,7,14.7,58,51.5,72.2
Assam,Nalbari,87.4,87.3,NA,73.6,74,NA,13.6,13.2,NA,12,12.1,NA,34.9,34.8,NA,89.9,89.8,NA,10.6,10.5,NA,54.2,54.1,NA
Assam,North Cachar Hills,69.3,56,82.8,66.3,53.9,79.1,2.9,2.1,3.7,30.7,44,17.2,32.5,29.5,40.1,76.4,64.9,88,5.1,3.3,6.4,44.1,38.9,47.2
Assam,Sibsagar,87,86.5,94.4,67.2,68.1,53.8,19.4,17.9,40.6,12.8,13.3,5.6,38.5,38.5,37.5,90.5,90.2,94.4,10.2,9.8,16.9,29.1,24.6,58.6
Assam,Sonitpur,63.6,62,78.5,50.2,50.7,45.2,12.5,10.4,32.3,32.5,33.9,19.9,26.3,25.8,34.7,67,65.6,80.7,8.2,7.2,18.8,45.5,37.7,69.2
Assam,Tinsukia,75.9,74,86.6,48.1,48.4,46.5,27.7,25.6,40.2,23.8,25.7,13.4,26.2,26.1,27.4,79.6,78,89,10.6,9,20,20.5,14.4,42.5
Bihar,Araria,46.8,45.7,NA,37.4,37,NA,9.2,8.6,NA,52.2,53.2,NA,28.9,29.3,NA,57.7,56.9,NA,4.6,4.7,NA,23,23,NA
Bihar,Aurangabad,61.8,61.7,63.6,46,45.9,47,15.8,15.7,16.6,37.8,37.9,36.4,34.2,34.9,27.8,71.4,71.2,73.3,4.4,4.7,1,33.6,33.1,38.9
Bihar,Banka,65.8,64.9,NA,52.5,52.3,NA,13.3,12.6,NA,33.9,34.8,NA,32.1,31.9,NA,73.9,73.2,NA,2.9,2.8,NA,22.3,22.5,NA
Bihar,Begusarai,67.3,66.6,NA,50,51,NA,17.3,15.6,NA,32.4,33.1,NA,31.9,31.8,NA,73.8,73.2,NA,2.2,2.1,NA,22.5,20.2,NA
Bihar,Bhagalpur,64.2,62.8,73.1,46.8,48.3,37.4,17.4,14.5,35.7,35.4,36.8,26.9,28.5,29.1,23.4,71.6,70.6,78,3.5,3.5,3.7,26.1,25.2,28.4
Bihar,Bhojpur,72.1,70.3,85.3,45.6,45.7,44.7,26.5,24.6,40.6,27.7,29.6,14.4,29.1,29.3,26.7,77.1,75.8,86.9,2.7,2.7,2.1,21.7,21.1,24.4
Bihar,Buxar,71,71.5,65.1,45.9,47.5,25.8,25.1,24,38.7,26,25.6,30.6,33.4,32.4,43.9,77.2,77.3,76.3,2.6,2.5,4.2,16,15.1,23.6
Bihar,Darbhanga,32.9,30.8,63,22.1,21.9,24.7,10.1,8.3,35.6,66.3,68.9,30.1,24.9,25.2,13.6,44.5,43.1,64.4,8.9,9,8.3,21.7,21.9,21.2
Bihar,Gaya,48.5,45.5,61,28.3,29,25.6,20,16.4,35.1,46.5,49.1,36,35.4,34.9,38,60,57.5,70.5,4.8,4.1,8.1,29.6,30.9,27.1
Bihar,Gopalganj,61.8,61.4,67.4,43.2,43.3,40.9,18.4,17.8,26.4,38,38.4,32.1,35.5,34.4,54.8,72.7,72,83.4,4.6,4.8,2.5,15.5,14.9,21.6
Bihar,Jamui,50.7,49.2,NA,37.5,36.5,NA,13.2,12.6,NA,43.6,44.8,NA,32.4,32.7,NA,61.7,60.7,NA,3.8,3.4,NA,22.4,23.5,NA
Bihar,Jehanabad,72.8,73,70,54.2,55.8,37.8,18.5,17.3,31.8,27,26.7,29.7,40.2,38.6,54.8,80,80.1,78.4,3.3,3.1,7.5,31.5,32.6,25.6
Bihar,Kaimur (Bhabua),70.3,70,NA,45.4,45.2,NA,24.9,24.8,NA,28,28.4,NA,36,35.6,NA,78.1,77.9,NA,2,2,NA,17.7,17.7,NA
Bihar,Katihar,34.4,32.2,79.9,26.9,26.2,43.1,7.4,6,36.1,58.1,60,20.1,27.8,27.8,31,46.7,44.9,83.3,6.7,7.1,1.6,23.9,24.7,21.2
Bihar,Khagaria,66.2,65.4,81.3,56.5,56.3,60.8,9.2,8.6,20.6,33.5,34.4,18.7,31.1,30.8,41,74.6,73.9,87.6,6.8,5.4,29.1,17.8,18,16.3
Bihar,Kishanganj,38.4,34.8,76.7,30.5,27.8,59.6,7.6,6.8,16.6,50.4,52.9,23.3,32.3,31.1,62.2,49.8,46.8,81.9,5.2,5.5,3.5,27.1,29.7,15.6
Bihar,Lakhisarai,63.6,62.2,75.4,45.1,44.9,46.4,18.5,17.2,29,36,37.4,24.6,39.4,39.4,40.5,74,72.8,83.5,2.5,2.7,1.3,22.9,22.1,26.9
Bihar,Madhepura,46.1,45.7,NA,39,39.1,NA,7,6.4,NA,49.2,49.5,NA,36.7,36.5,NA,60.7,60.3,NA,5.8,5.9,NA,21.6,22,NA
Bihar,Madhubani,41.3,40.6,NA,28.4,28.1,NA,12.1,11.6,NA,58.2,59,NA,29.5,29.4,NA,53.6,53,NA,10,10.2,NA,16.2,16.4,NA
Bihar,Munger,77.3,76.4,79.9,54.6,59.7,39.9,22.2,16.6,38.5,21.7,23.3,17.2,41.5,40.6,44.9,82.3,81.4,84.8,2.9,2.8,2.9,20.7,20.3,21.2
Bihar,Muzaffarpur,53.4,51.9,80,35.7,36.1,28.1,16.9,14.9,51.9,46.2,47.7,20,28,28,25.9,63.1,62,83.7,10.5,11,0,15.3,14.6,18.6
Bihar,Nalanda,68.1,67.9,69.2,48.6,50.1,38.7,19.5,17.8,30.5,29.1,29.1,29.1,29.3,28.8,32.7,74.5,74.2,76.2,4.7,4.6,5.8,26.2,27.9,20.2
Bihar,Nawada,60.9,59.6,75.7,44.5,44.3,47.4,16.3,15.3,28.3,35.2,36.2,24.3,32.7,33.2,23.8,68.2,67.3,79.2,3.7,3.7,3.7,26.1,25.7,28.6
Bihar,Pashchim Champaran,61.4,60.7,70.9,43.8,43.4,49.1,17.6,17.3,21.8,38.6,39.2,29.1,23.6,22.6,43.8,68.4,67.6,79.1,2.7,2.7,3.7,11.4,11.3,12.5
Bihar,Patna,78,73.3,86.1,44.7,49.7,36.1,32.9,23.5,49.2,21.6,26.4,13.5,36.1,32.5,48.4,83.1,79.2,89.7,6,4.9,8.7,30.2,28.3,31.8
Bihar,Purba Champaran,35.2,33.4,NA,24.2,23.6,NA,11,9.7,NA,58.8,60,NA,22.7,22.9,NA,44.4,42.7,NA,3.6,3.4,NA,16.7,17.1,NA
Bihar,Purnia,58.5,60.6,NA,47,50.2,NA,11.5,10.3,NA,37.5,39.2,NA,27.5,24.5,NA,65.7,66.8,NA,3.3,3.2,NA,24.4,23.2,NA
Bihar,Rohtas,72.5,72.1,75.5,39.7,41.5,24.2,32.7,30.5,51.3,26.6,27.3,20.1,35.4,35.3,36.7,79.6,79.3,81.5,3.2,3.1,5.6,17.3,17.3,17.6
Bihar,Saharsa,43.9,40.4,75.4,37,36,45.7,6.8,4.3,29.7,46.5,48.9,24.6,35.9,34.4,63.2,54.8,51.3,87,9,9.8,3.2,17.5,22.6,11
Bihar,Samastipur,61.6,60.9,NA,53.9,54.4,NA,7.5,6.3,NA,38.2,39,NA,35.1,34.9,NA,72.7,72.2,NA,2.7,2.7,NA,23.9,25.3,NA
Bihar,Saran,52.9,52.7,54.3,40.8,40.9,39.9,12,11.7,14.1,45.6,46.2,40.6,25.2,24.3,33,61.6,61.2,64.9,2.6,2.7,1.8,26.5,25.1,35.9
Bihar,Sheikhpura,72.8,72.1,78.8,55.5,56.5,46.8,17.3,15.6,32,26.8,27.5,20.8,26.5,26.1,30.8,78.3,77.8,82.4,3.1,2.9,4.3,25,25,25
Bihar,Sheohar,31.8,32.2,NA,23.6,23.8,NA,8,8.2,NA,59.4,58.7,NA,29.8,29,NA,45.7,46.3,NA,8.4,8.9,NA,21.9,22.2,NA
Bihar,Sitamarhi,29.6,28,NA,21.7,20.6,NA,7.5,7,NA,61.7,63.2,NA,31.4,31.6,NA,42.9,41.5,NA,9.9,11,NA,26.9,27,NA
Bihar,Siwan,59.3,57.8,71.5,39.5,39.7,38.5,19.6,17.9,33,40.3,41.8,28.3,27.8,27.5,31.4,67.7,66.6,76.7,4.6,4.7,3.7,11.3,10.9,12.9
Bihar,Supaul,57.4,56.4,NA,46.7,46.4,NA,10.5,9.8,NA,42.2,43.1,NA,27.4,27.5,NA,65.9,65.3,NA,3.1,3.2,NA,17.2,17.7,NA
Bihar,Vaishali,65.1,64.6,76,45.5,45.8,38.4,19.5,18.7,36,34.1,35.1,12.8,26,26.1,18.8,69.6,69.2,78.4,3.2,3.2,4.2,18.4,17.9,24.4
Chhattisgarh,Bastar,67.1,66.38,74.9,60.51,61.04,54.75,6.5,5.29,19.77,32.8,33.54,24.71,50.95,51.59,41.54,79.28,79.27,79.47,4.1,4.04,4.86,29.21,29.99,26.92
Chhattisgarh,Bilaspur,28.19,24.08,39.8,20.25,18.49,25.19,7.73,5.38,14.35,69.41,75.77,51.49,63.69,63.41,64.84,44.94,37.1,67.04,10.52,9.38,12.88,65.86,76.36,54.76
Chhattisgarh,Dantewada,49.65,46.17,72.13,37.74,39.64,25.43,11.63,6.35,45.72,50.22,53.68,27.87,25.29,23.09,52.63,56.66,52.83,81.42,7.21,6.97,9.62,21.88,17.07,26.2
Chhattisgarh,Dhamtari,52.17,50.4,66.52,38.66,39.17,34.56,11.59,9.51,28.51,47.73,49.52,33.26,64.45,66.19,43.51,76.75,76.6,77.97,5.11,4.85,7.5,46.04,45.41,47.73
Chhattisgarh,Durg,39.86,31.1,57.92,22.93,25.06,18.53,16.61,5.79,38.9,55.41,61.9,42.02,57.79,54.87,66.67,62.6,54.54,79.2,14.61,13.58,17.49,35.78,41.7,33.96
Chhattisgarh,Janjgir-Champa,27.11,25.71,41.69,20.91,19.92,31.19,5.71,5.24,10.51,72.69,74.17,57.29,63.53,64.03,56.8,47.33,45.91,62.03,11.3,11.69,8.7,32.06,32.64,29.03
Chhattisgarh,Jashpur,37.8,36.98,NA,30.71,30.31,NA,6.79,6.37,NA,62.14,62.95,NA,36.51,36.12,NA,52.36,51.52,NA,13.6,13.54,NA,27.57,27.22,NA
Chhattisgarh,Kanker,68.37,67.46,NA,60.34,60.42,NA,7.73,6.74,NA,31.58,32.47,NA,57.89,58.08,NA,80.86,80.32,NA,5.16,5.3,NA,39.94,38.27,NA
Chhattisgarh,Kawardha,23.81,22.64,NA,19.76,19.31,NA,3.9,3.22,NA,75.92,77.11,NA,82.36,82.22,NA,66.82,65.85,NA,3.6,3.56,NA,59.68,59.56,NA
Chhattisgarh,Korba,42.6,33.86,59.49,28.63,28.48,28.91,12.96,4.71,28.91,55.45,66.1,34.85,40.7,34.65,62.9,57.76,48.66,75.36,10.58,10.09,11.52,28.49,29.37,28.21
Chhattisgarh,Koriya,40.13,34.12,64.57,31.4,29.45,39.35,8.5,4.6,24.35,59.78,65.88,35,39.65,39.47,40.99,58.3,54.61,73.26,12.7,10.15,20.44,34.53,39.97,30.36
Chhattisgarh,Mahasamund,49.53,47.64,67.69,37.66,38.3,31.44,11.59,9.12,35.37,50.35,52.27,31.88,51.52,50.44,68.49,65.45,63.67,82.53,8.1,8.2,6.94,37.94,39.79,33.33
Chhattisgarh,Raigarh,42.24,37.32,77.18,33.19,30.84,49.8,8.36,5.84,26.19,57.48,62.39,22.62,46.62,45.68,64.91,65,61.44,90.28,9.86,8.93,13.94,36.55,37.62,34.85
Chhattisgarh,Raipur,34.52,25.98,59.83,21.95,19.54,29.11,12.22,6,30.65,65.38,73.9,40.09,50.68,51.75,44.83,62.84,58.96,74.35,11.11,9.27,14.78,36.09,34.37,37.09
Chhattisgarh,Rajnandgaon,43.51,38.87,72.77,32.62,31.04,42.57,10.8,7.73,30.2,56.38,61.07,26.73,47.95,48.9,34.26,61.82,59.18,78.47,7.85,6.77,12.79,43.6,40.66,48.36
Chhattisgarh,Surguja,31.98,29.21,76.7,25.72,24.09,51.94,6.01,4.85,24.76,67.78,70.54,23.3,24.88,24.96,20.83,42.83,40.45,81.07,7.4,7.14,9.35,26.1,26.91,23.53
Jharkhand,Bokaro,54.8,40,72.1,16.3,11.9,21.5,36.6,25.3,50,44.1,59.3,26.2,25.6,23.5,30.9,63.1,50.6,77.7,15.1,10.9,17.9,30.5,28.2,31.9
Jharkhand,Chatra,35.6,33.5,55.5,14.9,13.4,29.2,20.4,19.8,26.3,64.1,66.2,44.5,19.3,18.4,32.4,43.4,41.4,62.3,6.6,6.2,8.7,27.2,26.9,29
Jharkhand,Deoghar,39,35.1,69.3,23.5,23,27,15.5,12.1,42,60.7,64.6,30.3,30,29.4,41,51.4,48.5,73.4,3.7,4.2,0,27.9,26.4,31.3
Jharkhand,Dhanbad,52,37,65.3,13,9.2,16.2,36.3,27.2,44.3,47.4,62.6,34,33.4,31.4,36.8,64.4,53.2,74.4,11.6,13.3,10.8,28.7,27.8,29.2
Jharkhand,Dumka,28.8,26.3,72,19.2,18.2,37.9,9.1,7.8,34.1,71,73.4,28,26,26,23.5,43.6,41.6,78.6,5.5,5.8,2.9,31,27.5,45.2
Jharkhand,Garhwa,39.2,36,NA,28.5,27,NA,10.5,8.7,NA,60.4,63.7,NA,30.7,29.8,NA,50.6,47.4,NA,4.5,4,NA,25.9,27.8,NA
Jharkhand,Giridih,35.1,33.5,67.2,15.5,15.1,22.4,19.5,18.3,44.3,64.4,66,32.3,27,26.8,37.1,46.8,45.6,70.3,6.6,6.4,9.3,26.9,27.5,22.4
Jharkhand,Godda,31.2,30.3,NA,18.6,18.2,NA,12.5,11.8,NA,68.5,69.5,NA,25.8,25.7,NA,44.8,44,NA,4,4,NA,24.8,24,NA
Jharkhand,Gumla,45.7,43.7,80.5,37.4,36.6,51.4,6.8,5.7,26.8,54.1,56,19.5,21.4,21.3,28.6,51.5,49.7,82.8,4.4,4,9.9,35.7,31.2,52.8
Jharkhand,Hazaribagh,54.2,49.5,76.6,29,28.1,33.3,24.6,21.2,41.4,45.5,50.2,23.2,33.9,33.5,37.1,65.5,62.2,81.5,7.4,7.5,6.9,30.2,30.4,29.8
Jharkhand,Kodarma,54.9,51.4,74.1,25.8,26.7,20.5,27.2,23,50.6,44.7,48.1,25.9,43.9,44.9,33.3,69.8,68,80.4,6.9,6.7,8.7,31.9,33.9,27.1
Jharkhand,Lohardaga,54.7,50.9,87.9,37,37.8,29.4,12.3,9,41.7,44.9,48.6,11.7,22.3,22.4,16.9,59.8,56.5,88.9,4.6,4.4,6.7,30.7,29.9,32.2
Jharkhand,Pakaur,27.7,26.1,NA,21.7,20.8,NA,5.8,5.1,NA,72.2,73.8,NA,22.6,22.5,NA,38.5,37.1,NA,4.8,4.7,NA,33.5,32.7,NA
Jharkhand,Palamu,39.3,37.6,68.6,24.4,23.5,39.4,14.3,13.4,28.8,60.3,62,31.4,28.1,27.9,35.2,52.2,51,74.3,6.6,6.7,5.6,28.2,29.2,20
Jharkhand,Pashchimi Singhbhum,38.5,32.2,78.6,24.4,24.1,26.2,13.5,7.8,50.7,61.3,67.5,21.2,23.5,23.3,27.3,45.6,39.9,81.9,5.9,5,11.4,28.9,21.4,36.4
Jharkhand,Purbi Singhbhum,70,56.1,83.1,32.2,38.9,25.9,35.5,16.1,53.9,29.8,43.8,16.7,31,29.8,34.2,75.8,64.7,86.1,9.7,7.1,13.3,31,19.9,34.2
Jharkhand,Ranchi,64.2,53.3,85.8,32.2,33.8,29,30.6,18.2,55.3,35.3,46.1,13.9,30.8,30,35.7,70.3,60.7,89.5,11.2,10,14.1,36.3,31.7,39.4
Jharkhand,Sahibganj,29.5,25,78.2,21.1,17.5,60,8.1,7.1,18.2,70.1,74.7,20.4,21.5,21.2,33.5,39.6,35.7,81.4,6.3,6.3,6.2,27.9,28.4,25.7
Madhya Pradesh,Balaghat,79.8,79.5,81.8,70.4,71.5,63.8,9.1,7.9,16.5,20.2,20.5,18.2,60.8,59.9,67.1,86.1,85.6,88.8,7,6.6,9.4,43.4,39.4,54.5
Madhya Pradesh,Barwani,73.7,67.7,97.8,68.9,63.6,90.1,4.4,3.7,7.4,26.2,32.2,2.2,26.6,26.1,57.1,80.7,76.1,99.1,2.8,2.6,3.6,22.8,22.7,22.9
Madhya Pradesh,Betul,86.2,86.2,86.3,74.3,75.2,69.7,11.8,10.9,16.4,12.6,13.6,7.5,32.9,30.2,57.5,88,87.7,89.3,2.5,2.3,3.8,32.3,32,33.3
Madhya Pradesh,Bhind,85.1,83.3,88.6,79,79,79,6,4.2,9.6,14.8,16.5,11.4,41.7,38.4,50.8,91.3,89.7,94.4,8,9,5.9,38.9,40.9,37.2
Madhya Pradesh,Bhopal,91.2,86.3,92.3,69.6,77.3,67.8,21.5,8.9,24.3,8.5,13.7,7.4,59.1,43.5,65.8,96.2,92.3,97.1,9.1,5,10.2,30.4,30,30.4
Madhya Pradesh,Chhatarpur,80.3,80.9,78,70.5,72.4,63.3,9.5,8.3,14.2,19.6,18.9,22,29.2,26.5,38.1,84.9,84.7,85.6,4.2,4.1,5,29,29.6,27.8
Madhya Pradesh,Chhindwara,81.8,79.5,88.5,70.3,70.6,69.7,11.4,8.9,18.8,18.1,20.5,11.3,34,34.5,31.5,85.8,84.1,90.6,5.4,5.1,6.3,33.3,34.8,31.1
Madhya Pradesh,Damoh,57.6,53.1,76.3,48.3,43.7,66.9,9.2,9.3,8.9,42.3,46.9,23.7,50.1,48.7,61.3,76.2,73.1,89,5.2,5.1,5.7,54.5,55.5,50
Madhya Pradesh,Datia,83.9,83.7,84.3,75.4,77.4,70.1,8.3,6.1,14.2,16.1,16.3,15.7,41.5,33.8,63.1,90.6,89.2,94.2,4,2.7,7.9,35.3,27.8,44.1
Madhya Pradesh,Dewas,91.2,88.7,96.4,76.5,78.8,71.5,14.6,9.9,24.9,8.8,11.2,3.5,47.4,46.4,54.1,95.3,93.9,98.3,3.4,3,4.2,33.1,26.1,39.2
Madhya Pradesh,Dhar,85.7,83.6,93.8,76.5,78.1,70.6,9.2,5.5,23.2,14.2,16.3,6,42.6,41.9,50,91.8,90.4,96.8,3.9,3.7,4.6,31.5,26.9,35.6
Madhya Pradesh,Dindori,49.8,49.3,NA,44.7,44.5,NA,5,4.8,NA,50.2,50.6,NA,29.8,29.6,NA,61.9,61.5,NA,4.5,4.7,NA,60.6,61.3,NA
Madhya Pradesh,East Nimar,74.9,70.6,89.5,62.8,62.4,64.3,12,8.1,25.2,25.1,29.3,10.5,41.1,38.9,62.7,85.2,82,96.1,7.2,5.4,13.4,21.2,21.1,21.3
Madhya Pradesh,Guna,93,93.4,91.6,86.7,89,78.1,6.3,4.3,13.5,6.8,6.4,8.4,40.5,41.7,36.8,95.7,96,94.7,2.7,2.2,5.1,28.8,20.1,39.3
Madhya Pradesh,Gwalior,92.9,92.8,92.9,68.7,80.9,62.7,23.8,11.3,30.1,6.8,7.1,6.7,48.2,42.1,51.4,96.2,95.8,96.4,10.4,5.9,13.3,31.4,25.4,32.6
Madhya Pradesh,Harda,78.9,75.3,94.5,65.8,64.2,72.7,12.9,10.9,21.7,21,24.6,5.5,42.6,41.2,70.6,85.6,82.9,97.7,5.2,5.1,5.3,32.8,33.5,31.3
Madhya Pradesh,Hoshangabad,92.1,90,96.7,76.2,77.6,73.2,15.8,12.3,23.6,7.8,9.9,3.3,48.4,48.8,45.7,93.4,91.8,97.1,3.8,3.9,3.8,32.6,32.4,32.8
Madhya Pradesh,Indore,94.5,96.7,93.7,60.6,77.3,54.7,33.4,19.2,38.4,5.5,3.3,6.3,61.9,52.1,63.8,97.9,98.4,97.7,8.4,3,11.2,31.2,24.7,32.4
Madhya Pradesh,Jabalpur,80.4,81.1,79.9,60.2,74,49.8,20.2,7.1,30.1,15.3,18.6,12.8,31.6,23.8,40.2,83.1,83.4,82.8,9.6,6.4,13.1,33.4,42.6,31.8
Madhya Pradesh,Jhabua,79.3,77.8,94.5,64.9,64.2,71.7,13.9,13.1,21.9,20.5,22,5.5,51.5,51.5,50,89.9,89.1,97.3,7,6.8,8.3,16.2,12.7,38.3
Madhya Pradesh,Katni,79.6,77.8,85.8,71.6,73.9,64.1,7.9,3.9,21.4,20.3,22.1,14,35.7,32.8,51.5,85.1,83.5,90.7,3.2,2.3,6.4,38.2,39.4,37.5
Madhya Pradesh,Mandla,64.8,61.7,95.1,55.8,54.5,68.9,8.7,7,25.6,35.1,38.2,4.9,36.5,36.6,26.7,74,71.7,96.4,5.1,4.8,7,43.5,48.9,29.1
Madhya Pradesh,Mandsaur,90.2,89.1,93.8,83.9,84.7,81.3,6.3,4.4,12.5,9.7,10.9,6,63.4,65,53.8,96.4,96.1,97.1,6.1,5.2,8.9,26.2,24,28.8
Madhya Pradesh,Morena,92.5,91.6,94.8,83.7,86.7,75.6,8.2,4.3,18.7,7.4,8.2,5.2,38.7,38.9,37.9,95.4,94.8,96.8,3,3.1,2.8,26.8,28.5,25.7
Madhya Pradesh,Narsimhapur,90.4,90,92.9,70.9,73.5,55.4,19.4,16.4,37.4,9.5,9.9,7.1,37.9,37.3,42.9,92,91.5,94.9,6.6,6.3,8.6,20.1,18.4,24.5
Madhya Pradesh,Neemuch,87.1,85.2,90.4,71.4,75.6,64.2,15.2,9,25.8,12.8,14.7,9.5,55,56,52.4,94.1,93.4,95.4,4.5,3.5,6.5,22.1,17.3,25
Madhya Pradesh,Panna,78.4,76.8,88.8,71.1,69.6,81.2,7.1,7,7.2,21.2,22.8,11.2,44,44.9,32.1,85.1,83.9,92.4,4.6,4,7.9,33.3,31.5,44.4
Madhya Pradesh,Raisen,79.3,76.4,91.3,71.2,70.4,74.6,7.8,5.9,15.7,19,21.5,8.4,44.4,43.7,52,84.1,81.5,94.6,3.6,3.4,4.5,18.8,15.9,23.4
Madhya Pradesh,Rajgarh,89.1,88,96.1,82.8,82.7,83.7,6.1,5.1,12.4,10.7,11.8,3.9,57.5,55.8,92.3,95.3,94.6,99.7,6.6,6,10.5,31.9,29,40
Madhya Pradesh,Ratlam,93.7,92.7,95.2,82.5,89.4,72.1,11,3.2,23,6.3,7.2,4.8,52.9,43.6,74.5,97,95.8,98.8,5.1,3.2,8.7,26.2,18.8,27.8
Madhya Pradesh,Rewa,82.2,81.5,86.7,75,75.5,72.1,7.1,5.9,14.6,17.8,18.5,13.3,37.9,38.6,31.3,87.5,87.2,89.6,4.4,3.8,8.7,28,21.4,45.7
Madhya Pradesh,Sagar,72.1,65.2,90.5,59.2,54.9,70.5,12.6,10.1,19.3,27.7,34.5,9.5,25.7,26.9,14,77.3,72,91.2,5.1,5.1,5.2,22.7,19.3,27.6
Madhya Pradesh,Satna,76.6,74.7,82.4,68.5,67.1,72.7,8.1,7.6,9.7,23.2,25,17.3,20.4,16.8,36.5,80.8,78.5,87.9,3.2,3.1,3.3,27.9,24.6,35.9
Madhya Pradesh,Sehore,92.4,90.9,98.1,81.7,83.9,73.4,10.7,7,24.7,7.4,8.8,1.9,68,68.7,57.1,97.4,97,99.2,4.3,3.3,8.6,37.8,31.8,44.4
Madhya Pradesh,Seoni,85.8,85.2,93.2,73.5,74.2,65.5,12.1,10.6,27.7,14.2,14.8,6.8,27.4,26.1,58.3,88.4,87.6,96.6,4.9,4.9,6,38.2,41.5,24.5
Madhya Pradesh,Shahdol,59.5,58.2,63.9,55.3,56.1,52.4,3.2,0.8,11.2,40.5,41.8,36.1,28.4,24.3,44.2,68,64.9,78.6,3.3,2.5,6.1,42.9,43.2,42.9
Madhya Pradesh,Shajapur,93.8,94,93.3,85.4,87.9,78.6,8.4,6.1,14.7,6.1,5.9,6.7,46.9,48.7,42.6,96.7,96.8,96.1,4.6,3.9,6.9,42.1,44.1,39.8
Madhya Pradesh,Sheopur,71.8,69.2,87.8,68.4,67,77.5,3.4,2.2,10.4,28.1,30.7,12.2,37.3,35.8,59.6,82.3,80.2,95.1,4.5,4.4,5,38.5,31.5,47.5
Madhya Pradesh,Shivpuri,88.8,88.1,93.2,84.9,85.1,84.1,3.7,2.8,9.1,10.8,11.5,6.8,42.5,43,37,93.4,93,95.7,4.9,5.2,3,27.8,24.9,33.3
Madhya Pradesh,Sidhi,57.2,56.8,60.9,53.2,53.3,52.7,3.6,3.1,8.2,42.7,43.1,38.6,30.9,28.6,53.5,68,66.9,77.7,3.6,3.5,4.1,38.9,42.5,26.7
Madhya Pradesh,Tikamgarh,81.5,79.8,89.3,71.7,70.1,79.2,9.7,9.6,10.1,18.4,20,10.7,18.3,16.6,33.3,83.9,82.1,92.6,2.8,2.5,3.8,36.9,31.5,62.2
Madhya Pradesh,Ujjain,84.7,82.4,88.5,71.5,73.8,67.5,13,8.6,20.5,15.2,17.4,11.5,36.4,34.4,41.4,90.2,88.3,93.3,3,1.4,6.1,31.7,18,41.3
Madhya Pradesh,Umaria,83.8,82.7,91.1,77,77,77.2,6.3,5.2,13.1,16.1,17.3,8.9,37.7,35.9,60,88.8,87.8,95.1,3.4,3,6,52,58.7,35.6
Madhya Pradesh,Vidisha,88.1,84.9,96.8,80,79.3,81.9,7.6,4.9,14.9,11.5,14.6,3,47.4,47.4,47.1,90.5,87.9,97.5,2.1,1.9,2.6,19.9,18.3,21.4
Madhya Pradesh,West Nimar,82.8,81.4,91.2,77,76.5,79.9,5.7,4.8,11.2,17.1,18.5,8.7,41,40,53.4,89.8,88.8,95.8,4.7,4.6,5.2,35.8,36.1,35.1
Odisha,Anugul,84.57,85.11,81.73,70.01,74.4,46.76,14.36,10.46,34.97,15.03,14.53,17.68,14.94,13.77,20,85.82,86.22,83.69,8.42,8.07,11.34,42.99,39.97,47.75
Odisha,Balangir,80.15,79.4,89.81,76.24,76.36,74.76,3.84,3.01,14.56,19.64,20.37,10.19,36.79,37.29,23.81,86.44,85.99,92.23,9.49,8.98,16.23,48.51,50.46,43.33
Odisha,Baleshwar,86.31,85.51,93.31,79.41,80.23,72.24,6.85,5.23,21.07,13.55,14.33,6.69,24.72,24.97,20,88.97,88.4,93.98,9.1,8.33,16.67,52.78,53.69,50.79
Odisha,Bargarh,86.47,85.76,94.2,77.64,78.38,69.62,8.65,7.22,24.23,13.12,13.82,5.46,40.73,40.39,50,90.96,90.5,95.9,14.59,14.3,18.14,35.23,35.24,35.21
Odisha,Baudh,67.59,67.06,NA,64.54,64.31,NA,2.9,2.64,NA,32.19,32.71,NA,15.04,15.05,NA,71.96,71.5,NA,7.39,7.13,NA,44.89,43.17,NA
Odisha,Bhadrak,81.92,82.48,77.98,70.36,71.83,60,11.46,10.53,17.98,17.75,17.17,21.8,25.91,25.56,27.84,84.92,85.39,81.57,6.08,5.87,7.87,62.21,61.84,63.75
Odisha,Cuttack,91.35,92,89.29,70.49,78.47,45.57,19.57,12.85,40.57,8.58,7.89,10.71,34.09,32.69,37.33,92.63,93.24,90.71,11.66,10.09,20.06,47.78,51.58,44.01
Odisha,Debagarh,78.34,77.7,85.98,74.94,74.88,75.61,3.36,2.82,9.76,21.18,21.84,13.41,13.76,13.29,22.73,80.07,79.46,87.2,11.16,10.46,19.35,49.85,51.64,43.75
Odisha,Dhenkanal,84.07,83.86,86.7,76.32,76.6,72.87,7.71,7.21,13.83,15.41,15.67,12.23,17.91,17.67,21.74,85.79,85.54,88.83,9.97,9.5,16.06,50.12,48.94,57.69
Odisha,Gajapati,66.14,64.07,84.11,53.1,54.18,43.71,12.83,9.79,39.07,33.5,35.54,15.89,27.58,26.85,41.67,71.74,69.69,89.4,9.89,9.54,13.64,32.6,35.13,27.12
Odisha,Ganjam,87.59,86.44,94.76,73.05,75.08,60.48,12.73,9.84,30.65,11.81,12.87,5.24,19.36,19.11,23.08,88.92,87.85,95.56,8.29,7.63,13.33,43.36,39.37,51.32
Odisha,Jagatsinghapur,95.88,96.57,88.82,79.37,80.76,65.13,15.37,14.94,19.74,3.95,3.24,11.18,30.38,16.85,70.59,96.18,96.9,88.82,8.87,8.94,8.08,58.69,60.24,46.67
Odisha,Jajapur,88.62,88.52,NA,78.33,78.84,NA,10.23,9.61,NA,10.99,11.07,NA,14.24,14.11,NA,89.82,89.7,NA,7.38,7.47,NA,55.01,55.38,NA
Odisha,Jharsuguda,85.82,86.88,84.17,66.07,75.36,51.52,18.7,10.8,31.07,11.96,12.02,11.86,45.02,40.42,52.32,89.87,90.58,88.76,10.48,9.36,13.04,36.98,35.87,37.59
Odisha,Kalahandi,67.05,65.28,84.67,59.26,58.1,70.8,6.96,6.27,13.87,32.8,34.55,15.33,21.85,21.12,38.1,73.1,71.5,89.05,9.64,8.93,15.46,35.78,32.04,52.63
Odisha,Kandhamal,80.35,79.3,94.17,78.42,77.61,89.17,1.83,1.59,5,19.31,20.34,5.83,18.04,18.12,14.29,81.89,80.95,94.17,7.52,7.12,12.15,53.69,50.6,66.67
Odisha,Kendrapara,81.77,81.26,90.85,70.64,70.56,71.95,11.13,10.7,18.9,15.41,15.87,7.45,41.06,41.04,41.67,85.37,85.03,91.46,8.6,8.41,11.86,54.26,54.52,51.61
Odisha,Kendujhar,71.29,72.58,64.6,64.88,68.46,46.44,6.34,4.05,18.15,28.5,27.19,35.25,22.24,20.6,28.76,75.66,76.6,70.8,6.88,5.86,14.66,30.54,29.56,31.67
Odisha,Khordha,92.86,93.95,91.07,68.58,79.38,50.84,23.66,14.15,39.27,7.08,6.01,8.84,26.15,17.15,36.22,93.82,94.53,92.64,10.45,8.84,14.57,47.44,45.79,48.42
Odisha,Koraput,53.43,49.7,73.01,50.99,47.89,67.26,2.44,1.8,5.75,46.57,50.3,26.99,33.14,33.51,29.51,57.92,54.37,76.55,7.44,4.84,17.11,22.3,17.15,30.77
Odisha,Malkangiri,52.64,51.64,67.95,50.61,49.85,62.18,2.03,1.79,5.77,47.27,48.27,32.05,18.11,17.42,34,56.92,55.9,72.44,5.74,5.12,13.4,75.52,82.1,44.44
Odisha,Mayurbhanj,79.7,78.93,93.21,78,77.73,82.72,1.7,1.2,10.49,19.83,20.61,6.17,24.31,24.21,30,82.38,81.77,93.21,5.78,5.63,8.21,41.22,29.57,64.71
Odisha,Nabarangapur,53.6,52.38,NA,50.79,49.83,NA,2.59,2.39,NA,41.23,42.44,NA,13.8,13.74,NA,57.02,55.86,NA,6.74,6.39,NA,60.84,60.94,NA
Odisha,Nayagarh,89.1,88.98,NA,78.47,78.79,NA,10.15,9.73,NA,10.85,10.97,NA,9.52,9.72,NA,89.64,89.53,NA,6.11,5.95,NA,52.23,50.09,NA
Odisha,Nuapada,70.45,69.7,NA,63.33,63.11,NA,6.52,6.21,NA,29.55,30.3,NA,24.73,24.15,NA,76.86,76.2,NA,5.39,5.35,NA,56.91,55.68,NA
Odisha,Puri,95.47,95.48,95.36,81.1,83.89,64.09,14.05,11.33,30.65,4.35,4.31,4.64,14.27,13.26,20,95.85,95.87,95.67,11.22,10.5,16.91,55.66,53.92,59.6
Odisha,Rayagada,62.28,58.1,89.53,53.67,51.62,67.02,6.52,4.38,20.42,37.72,41.9,10.47,12.51,11.26,45,64.82,60.39,93.72,7.01,6.85,7.81,40.52,40.16,41.03
Odisha,Sambalpur,83.15,79.88,88.69,71.39,72.84,68.93,11.57,6.8,19.64,16.61,20.03,10.83,25.78,24.53,29.67,86.13,83.35,90.83,11.95,10.32,14.85,44.98,31.75,52.73
Odisha,Sonapur,83.37,82.75,93.1,79.24,79.15,80.69,3.92,3.37,12.41,16.38,17.03,6.21,24.05,23.57,44.44,86.82,86.28,95.17,11.13,11.19,10.26,49.38,51.85,38.89
Odisha,Sundargarh,80.85,77.9,88.17,68.61,72.81,58.21,12.11,5.01,29.7,18.86,21.91,11.3,29.65,28.56,34.88,84.53,82.27,90.14,7.58,6.24,11.74,39.04,31.86,42.04
Rajasthan,Ajmer,75.5,71.6,83.2,50.1,51.8,46.7,24.4,18.4,36,23.7,27.4,16.7,39.1,37.5,43.9,80.7,77.2,87.4,11.7,7.2,21.3,23.6,16,31.2
Rajasthan,Alwar,83.8,83.4,86.9,65.7,67.2,52.6,18,16.1,34.3,16.1,16.5,12.8,51.1,50.8,54.3,88.6,88.3,90.9,5.2,4.7,10.4,23.3,23.3,23.4
Rajasthan,Banswara,83.5,83,NA,73.9,74.2,NA,9.5,8.7,NA,15.7,16.2,NA,29.4,29.3,NA,87.1,86.6,NA,3.4,2.7,NA,14.5,12.7,NA
Rajasthan,Baran,93.2,93,94.5,84.2,85.4,77.5,8.8,7.5,16.9,5.9,6.1,4.9,44.4,44.1,46.7,93.9,93.7,94.8,5.3,4.7,9.2,35.9,34.2,40.4
Rajasthan,Barmer,46.6,44.7,71.9,38.5,38.2,42.5,8,6.5,29.4,53.2,55.1,28.1,42.2,41.2,68.8,64.9,63.3,86.8,3.8,3.8,3.1,27.8,23,42.4
Rajasthan,Bharatpur,76.2,73.9,86.8,62,61.7,63.6,14.1,12.1,23.2,23.7,26,13,43.1,43.6,37.7,81.9,80.3,89.7,5.3,4.6,8.8,30,27.6,35.8
Rajasthan,Bhilwara,71.6,68.1,88.4,57.4,55.1,68.5,14,12.7,19.9,27.9,31.3,11.6,34.5,32.8,56,79.4,76.4,94,3.7,2.7,7.4,25.3,28.2,16.3
Rajasthan,Bikaner,65.7,55.6,83.8,51.1,48.5,55.7,14.7,7.2,28.1,34.1,44.1,16.2,44.9,41.8,60.3,76.2,67.9,91,9.3,5.1,15.8,30.4,32.2,29.7
Rajasthan,Bundi,87.1,84.9,95.8,77.6,78,75.9,9.4,6.8,19.7,12.3,14.5,3.7,43.5,42.9,53.3,89.8,88.1,96.5,6.1,4.2,13.6,35,28.6,43.7
Rajasthan,Chittaurgarh,84,82.7,90.8,75.6,75.2,77.4,8.3,7.4,13,15.6,16.9,8.4,36.8,33.6,70,87.8,86.3,95.4,6.4,4.6,15.7,19.5,17.4,25.8
Rajasthan,Churu,70,69,73.2,56.5,57.9,52.2,13.5,11,21,29.8,30.8,26.8,54.7,56.5,48.6,80,80,80.1,3.6,4.5,0.7,23.8,29.2,15.5
Rajasthan,Dausa,86.4,85.7,94.5,57,57.3,53.4,29.2,28.2,41.1,13,13.7,5.5,44.6,44,62.5,89.5,89,95.9,3.9,3.2,12.8,9.2,9.3,8.3
Rajasthan,Dhaulpur,82,79.2,93,70.2,71.2,66.4,11.7,7.9,26.3,17.3,20.1,6.7,30.5,27.7,62.5,84.3,81.3,96.1,2.5,2.4,3,27,26.4,27.7
Rajasthan,Dungarpur,73.7,72.2,98.2,63.2,62.8,70.8,10.5,9.5,27.4,25.3,26.8,1.8,30.2,30.2,33.3,79.1,77.8,98.8,4.2,3.7,12.6,33.9,31,50
Rajasthan,Ganganagar,85.6,84.2,89,56.9,63.6,40.5,28.7,20.6,48.4,14.3,15.7,11,72.2,72.3,71.9,89.1,87.9,92.1,5.5,5,7.7,20.9,22.1,19.6
Rajasthan,Hanumangarh,70,70,70,43,45.5,35,27,24.5,35,29.9,29.9,30,69.6,71.4,63.9,82.3,82.2,82.5,5.3,5.5,4.8,22.9,19.2,31
Rajasthan,Jaipur,92.3,92.1,92.4,55.4,64,47.7,36.7,28,44.6,7.5,7.6,7.4,48.9,35.6,61.3,94.8,93.9,95.6,11.8,6,18.8,26,18.7,30.2
Rajasthan,Jaisalmer,44.2,37.8,83.1,38.6,34.2,65.2,5.6,3.6,17.9,55.6,62,16.4,57.6,57.7,54.5,60.8,56.3,88.6,6.9,4.8,13.7,42.3,40.6,44.4
Rajasthan,Jalor,60.8,59.3,80.9,37.6,37.7,36,22.3,21,41,38.7,40.2,18.5,46.9,46.3,63.6,76.2,75.1,90.4,2.9,2.8,4.7,14.2,14.3,13.7
Rajasthan,Jhalawar,84.1,83,90.5,73.3,74.1,67.8,10.3,8.3,22.6,15,16.1,8.8,38.6,36.7,60,87.3,86.4,92.6,5.7,4.9,10.9,31.5,24.7,46.9
Rajasthan,Jhunjhunun,89.5,89.6,89.1,44.6,48.1,32.4,44.7,41.1,56.7,10.4,10.3,10.5,48.1,44.7,59.6,93.2,92.9,94.2,3.1,3.1,3.1,13.2,13.6,12.1
Rajasthan,Jodhpur,68.3,59.1,86.7,51.3,46.9,60,17,12.2,26.7,31.1,40.4,12.4,41.2,39.3,53.8,77.5,71.1,90.5,10.1,6.1,16.3,40.5,41.8,39.3
Rajasthan,Karauli,86.6,85.2,93.7,71.7,72.3,68.9,14.8,12.8,24.8,12.5,14.1,4.9,40.1,37.3,80,89,87.7,95.6,2.5,2.6,2.1,14.8,13.7,17.6
Rajasthan,Kota,84.1,80.5,87.3,53.1,65.4,42.3,30.3,14.9,43.7,14.6,18.3,11.5,59.4,45.5,78.6,86.8,82.8,90.3,10,6.2,15,30.2,32.1,29.6
Rajasthan,Nagaur,83.4,82.6,87.8,68.1,69.7,60.2,15.4,12.9,27.6,16.3,17.1,12.2,44.8,43.1,56.7,88.7,88.2,91.5,4.2,3.4,8.8,19.3,20.7,16.2
Rajasthan,Pali,72.8,70.8,80.6,60.4,60.3,60.6,12.4,10.4,20,26.9,28.9,19.4,46.1,43.4,61.6,79.8,78.5,85.1,6.7,5.5,11.5,29.8,23.8,41.6
Rajasthan,Rajsamand,77.8,76.1,91.5,66.4,66.9,62.8,10.9,8.8,27.6,20.9,22.6,8,37,35.5,68.8,82.4,80.7,96,4.8,4,11.2,23.2,18.6,34.5
Rajasthan,Sawai Madhopur,82.6,82.1,84.5,62.3,66.8,46,20.3,15.2,38.5,16,16.5,14.3,37.8,36.2,44.7,84.6,84.1,86.4,4.2,4.2,4.1,12.9,13,12.7
Rajasthan,Sikar,87.1,84.7,94.4,44,48.9,29.7,41.8,34.8,62.5,12.5,14.9,5.6,52.2,50.6,65,92,90.2,97.5,6.6,5.6,11.3,14.1,15.9,11.2
Rajasthan,Sirohi,83.2,81.9,93.6,57,57.4,54,26.3,24.5,39.6,16.2,17.6,5.9,31.3,30.1,58.3,86.8,85.8,95.1,4.3,4,6.4,16.3,14.5,25
Rajasthan,Tonk,82.9,80.5,90.4,66.6,65.8,69.1,16.3,14.7,21.3,16.2,18.5,9.1,36.1,33.7,51.1,86.5,84.1,93.9,6.7,5.9,8.8,15.4,10.5,25.7
Rajasthan,Udaipur,70.9,65.3,96.4,62.6,58.8,79.9,7.8,6,15.8,28.5,34.1,3.2,27.1,27.2,22.2,74.3,69.4,96.8,8.1,4.6,19.7,26.3,17.8,40.9
Uttar Pradesh,Agra,71.58,68.07,75.34,32.58,36.92,27.94,38.98,31.13,47.4,28.08,31.57,24.33,27.25,21.18,35.69,75.92,71.72,80.42,7.12,4.27,11.14,23.44,21.62,24.72
Uttar Pradesh,Aligarh,59.62,55.95,68.91,34.86,34.42,35.96,24.73,21.48,32.95,39.9,43.68,30.37,33.18,28.94,48.58,68.97,65.25,78.37,5.93,3.77,11.16,29.99,28.66,32.17
Uttar Pradesh,Allahabad,57.37,55.7,67.32,38.21,39.93,28.05,19.02,15.72,38.54,41.1,42.68,31.71,30.29,29.75,34.62,67.24,65.63,76.83,13.94,10.65,41.74,31.36,26.01,44.3
Uttar Pradesh,Ambedkar Nagar,64.56,65.23,NA,47.27,49.62,NA,17.26,15.57,NA,33.82,33.02,NA,28.62,29.8,NA,71.37,72.06,NA,7.92,7.95,NA,17.82,17.45,NA
Uttar Pradesh,Auraiya,50.57,50.76,49.48,39.18,40.77,30.23,10.76,9.32,18.86,47.04,47.04,47.03,42.32,41.59,46.43,70.47,70.32,71.32,10.53,9.66,17.09,19.99,17.57,26.71
Uttar Pradesh,Azamgarh,68.72,67.75,80.98,42.22,43.59,24.85,26.35,24.02,55.83,29.87,30.73,19.02,33.14,33.5,25.81,76.27,75.63,84.36,8.95,8.52,18.52,15.58,15.01,18.68
Uttar Pradesh,Baghpat,67.72,68.41,65.14,32.88,34.06,28.48,34.82,34.32,36.66,32.15,31.46,34.7,33.9,32.76,37.74,71.35,71.8,69.72,5.05,4.89,5.75,18.27,18.9,16.07
Uttar Pradesh,Bahraich,32.44,32.17,38.83,26.63,26.91,19.74,5.77,5.23,19.09,65.9,66.09,61.17,26.7,25.79,50.79,50.03,49.22,69.9,4.18,3.91,13.11,20.19,17.9,35.59
Uttar Pradesh,Ballia,57.45,56.33,69.74,38.07,38.61,32.1,19.23,17.61,36.9,41.22,42.36,28.78,29.04,28.61,35.9,66.53,65.52,77.49,11.29,11.28,11.49,21.91,20.36,30
Uttar Pradesh,Balrampur,29.79,29.26,NA,23.84,23.72,NA,5.69,5.26,NA,68.2,68.7,NA,17.01,16.43,NA,39.06,38.32,NA,17.95,18.09,NA,25.42,21.71,NA
Uttar Pradesh,Banda,73.2,72.71,75.93,65.89,66.92,60.17,7.21,5.67,15.77,26.68,27.22,23.65,46.72,42.78,71.93,85.67,84.36,92.95,7.16,7.65,4.14,58.67,68.26,39.47
Uttar Pradesh,Barabanki,59.91,59.48,65.93,49.92,50.46,42.31,9.96,8.99,23.63,39.88,40.29,34.07,38.83,38.35,46.77,75.39,74.93,81.87,6.5,6.35,9.09,21.04,19.32,30.23
Uttar Pradesh,Bareilly,47.45,43.19,57.66,24.18,25.29,21.52,23.2,17.91,35.87,52.06,56.15,42.26,15.06,12.05,24.64,50.86,46.05,62.38,4.84,4.1,6.91,29.82,27.43,32.68
Uttar Pradesh,Basti,55.21,54.54,NA,47.07,47.44,NA,8.15,7.1,NA,44.01,44.65,NA,18.46,18.5,NA,60.99,60.33,NA,9.46,9.17,NA,38.12,35.49,NA
Uttar Pradesh,Bijnor,57.92,57.74,58.57,26.17,27.78,20.32,31.74,29.96,38.25,41.83,42.1,40.84,21.67,19.52,29.76,62.4,61.64,65.14,6.24,5.72,8.82,24.56,25.68,21.35
Uttar Pradesh,Budaun,49.88,49.11,53.65,35.62,37.07,28.54,14.26,12.04,25.11,49.26,50.03,45.49,11.03,9.05,21.7,52.82,51.29,60.3,4.08,4.01,4.51,18.34,17.78,19.66
Uttar Pradesh,Bulandshahar,53.76,49.91,61.87,26.55,29.16,21.03,27.21,20.75,40.84,45.84,49.55,38.01,46.4,41.68,59.42,61.96,56.86,72.73,6.28,5.82,7.6,25.17,22.17,28.4
Uttar Pradesh,Chandauli,61.03,60.84,63.22,41.69,42.43,33.33,19.22,18.27,29.89,37.79,37.95,35.92,29.08,27.61,46.4,68.22,68.03,70.4,9.98,9.36,18.97,37.04,35.99,44.23
Uttar Pradesh,Chitrakoot,65.11,64.44,74.32,57.65,57.74,56.42,6.66,6.06,14.79,34.1,34.77,24.9,36.25,35.77,45.31,77.47,76.87,85.6,5.39,5.28,6.9,15.04,14.91,15.79
Uttar Pradesh,Deoria,63.9,64.47,58.77,48.83,50.88,30.26,14.97,13.52,28.07,34.32,33.9,38.16,34.72,33.61,43.68,72.5,73.05,67.54,7.53,7.36,10.14,30.99,30.22,34.38
Uttar Pradesh,Etah,56.15,54.12,70.03,40,39.73,41.81,15.83,14.07,27.87,43.17,45.1,29.97,21.73,18.98,50,61.72,58.88,81.18,5.13,4.64,8.33,22.94,20.53,31.25
Uttar Pradesh,Etawah,61.23,59.21,69.89,49.21,49.95,46.05,11.89,9.11,23.83,37.73,39.85,28.66,40.65,37.48,59.55,76.57,74.15,86.96,13.7,13.41,15.03,20.2,17.27,25
Uttar Pradesh,Faizabad,66.27,65.61,72.93,54,54.94,44.54,12.08,10.45,28.38,32.37,33.03,25.76,27.38,27.27,28.81,73.14,72.55,79.04,11.67,10.63,24.51,31.18,28.79,40
Uttar Pradesh,Farrukhabad,39.74,36.02,53.71,26.67,27.93,21.96,12.95,8.02,31.45,57.43,60.55,45.7,49.65,48.4,55.84,68.25,65.33,79.23,12.13,10.99,17.57,24.73,20.01,29.25
Uttar Pradesh,Fatehpur,57.87,57.56,60.64,47.23,47.76,42.57,10.56,9.71,18.07,40.05,40.36,37.35,30.46,29.16,43.01,70.08,69.33,76.71,8.67,8.69,8.49,21.47,21.78,20
Uttar Pradesh,Firozabad,64.47,63.88,66.67,45.16,47.13,37.93,19.31,16.75,28.74,35.38,35.97,33.17,25.23,19.77,47.03,68.13,66.69,73.4,4.47,3.36,9.52,33.28,31.22,37.71
Uttar Pradesh,Gautam Buddha Nagar,56.69,54.15,63.12,18.39,15.38,26.03,38.26,38.77,36.98,43.13,45.68,36.68,37.94,33.55,51.78,63.22,60.05,71.26,6.21,5.98,6.56,25.69,24.31,29.35
Uttar Pradesh,Ghaziabad,62.64,59.79,64.72,24.01,23.92,24.08,38.63,35.87,40.64,37.27,40.05,35.24,45.89,38.71,51.86,68.31,65.12,70.65,11.1,9.33,12.39,30.77,26.86,33.3
Uttar Pradesh,Ghazipur,62.93,62.77,65.41,49.52,49.84,44.86,13.3,12.81,20.54,35.4,35.49,34.05,28.34,28.54,25.4,70.3,70.37,69.19,8.24,8.23,8.43,28.63,28.3,31.58
Uttar Pradesh,Gonda,50.69,49.72,72.93,39.64,38.97,54.7,11.06,10.74,18.23,48.59,49.53,27.07,26.81,26.42,42.86,63.72,62.8,84.53,6.53,6.19,12.12,18.78,18.37,24.24
Uttar Pradesh,Gorakhpur,54.56,53.58,57.56,37.46,40.79,27.31,17,12.74,29.98,43.85,44.69,41.28,26.33,22.69,38.36,63.34,61.56,68.77,12.93,9.83,27.04,39.55,33.66,47.18
Uttar Pradesh,Hamirpur,66.17,65.34,70.21,59.11,59.23,58.51,7.04,6.08,11.7,29.74,30.34,26.86,41.09,39.74,48.51,78.4,77.4,83.24,7.63,7.15,10,28.02,22.9,40.91
Uttar Pradesh,Hardoi,51.57,50.21,61.44,42.3,42.59,40.2,9.22,7.56,21.24,45.82,47,37.25,32.4,30.76,47.37,66.42,64.67,79.08,6.29,5.52,12.2,24.54,20.92,33.85
Uttar Pradesh,Hathras,61.68,61.19,63.62,43.23,44.86,36.82,18.41,16.27,26.8,37.83,38.2,36.38,29.51,26.79,40.72,69.04,67.81,73.86,5.05,4.25,8.88,27.6,26.22,30.89
Uttar Pradesh,Jalaun,62.37,62.15,63.07,54.63,56.42,48.7,7.69,5.74,14.17,34.16,34.66,32.53,43.51,39.84,56.44,77.23,75.96,81.44,8.52,8.92,6.97,32.23,25.8,40.85
Uttar Pradesh,Jaunpur,56.75,56.91,NA,36.95,37.86,NA,19.68,18.91,NA,40.39,40.09,NA,27.37,27.45,NA,65.14,65.44,NA,13.24,13.13,NA,25.39,24.86,NA
Uttar Pradesh,Jhansi,76.77,72.98,81.75,58.64,62.03,54.2,18.03,10.85,27.46,23.07,26.74,18.25,60.74,54.91,71.93,90.78,87.66,94.88,17.24,12.68,24.08,31.84,19.58,38.19
Uttar Pradesh,Jyotiba Phule Nagar,57.5,56.21,62.09,32.12,32.95,29.18,25.26,23.12,32.92,42.42,43.68,37.91,20.68,18.51,29.61,61.46,59.61,68.08,2.79,2.42,4.27,19.87,18.73,22.73
Uttar Pradesh,Kannauj,58.4,59.15,55.19,42.97,47.18,24.88,15.44,11.98,30.31,41.24,40.43,44.73,15.1,13.44,21.55,62.3,62.44,61.7,4.11,3.56,8.61,25.46,26.21,24.18
Uttar Pradesh,Kanpur Dehat,55.88,54.99,NA,45.51,46.04,NA,10.19,8.76,NA,42.81,43.73,NA,36.69,36.32,NA,71.59,70.87,NA,11.56,11.77,NA,26.21,24.65,NA
Uttar Pradesh,Kanpur Nagar,61.58,65.25,60.1,33.78,54.85,25.32,26.96,10.2,33.7,37.78,33.59,39.47,56.28,50.73,58.18,82.84,82.29,83.06,17.2,8.69,24.6,32.38,31.76,32.46
Uttar Pradesh,Kaushambi,60.21,60.31,58.88,52.52,52.81,48.6,7.64,7.44,10.28,38.67,38.56,40.19,24.28,23.48,34.88,67.61,67.71,66.36,7.78,7.79,7.69,27.48,26.58,36.36
Uttar Pradesh,Kheri,54.31,53.35,73.25,46.16,46.56,38.22,7.91,6.53,35.03,43.27,44.15,26.11,29.48,28.76,53.66,67.07,66.04,87.26,6.27,5.84,16.67,37.22,33.98,49.09
Uttar Pradesh,Kushinagar,54.85,54.55,NA,44.16,44.01,NA,10.47,10.36,NA,43.41,43.71,NA,25.92,25.82,NA,64.04,63.74,NA,10.5,10.65,NA,28.82,29.01,NA
Uttar Pradesh,Lalitpur,75.54,74.71,83.71,67.3,67.64,64.04,8.24,7.08,19.66,23.47,24.38,14.61,38.06,37.57,46.15,84.48,83.87,90.45,10.63,10.64,10.53,14.23,10.97,25.71
Uttar Pradesh,Lucknow,76.26,69.59,82.98,47.33,49.48,45.16,28.61,19.64,37.63,22.25,27.86,16.6,46.31,36.88,62.25,86.56,79.86,93.31,19.9,15.7,24.53,36.89,26.3,42.47
Uttar Pradesh,Maharajganj,50.88,49.95,NA,39.2,39.67,NA,11.6,10.19,NA,47.65,48.61,NA,25.54,24.96,NA,60.63,59.61,NA,9.3,9.62,NA,30.26,29.26,NA
Uttar Pradesh,Mahoba,69.23,70.98,65.52,61.24,65.63,51.93,7.34,4.8,12.75,26.09,25.98,26.33,50.73,48.81,54.76,82.47,83.66,79.94,11.29,10.92,12.27,25.48,22.49,27.87
Uttar Pradesh,Mainpuri,51.2,49.53,59.32,34.32,34.04,35.68,16.83,15.42,23.64,48.43,50.08,40.45,18.48,17.82,22.47,54.24,52.59,62.27,7.01,5.91,12.1,21.68,21.54,22.12
Uttar Pradesh,Mathura,63.47,56.49,78.25,33.26,32.49,34.91,30.03,24.01,42.78,36.08,42.99,21.46,34.14,29.46,54,72.24,65.35,86.84,5.86,3.02,11.48,25.9,25.46,26.42
Uttar Pradesh,Mau,63.61,63.05,65.61,38.75,42.88,23.93,24.65,19.9,41.68,34.48,34.99,32.65,28.81,28.6,29.61,70.29,69.87,71.79,11.28,8.19,31.13,24.63,22.58,28.14
Uttar Pradesh,Meerut,56.01,56.33,55.53,23.91,26.01,20.83,31.92,30.32,34.24,43.92,43.6,44.39,33.46,30.15,38.23,61.69,61.66,61.74,8.22,7.15,10.18,29.03,26,32.96
Uttar Pradesh,Mirzapur,52.66,51.44,63.95,37.6,37.99,34.01,14.74,13.25,28.57,45.18,46.23,35.37,26.86,25.1,48.08,61.44,60.29,72.11,10.42,10.46,10,30.14,29.95,30.95
Uttar Pradesh,Moradabad,53.14,49.54,62.06,28.5,29.13,26.95,24.63,20.41,35.11,46.62,50.31,37.47,19.1,15.84,29.97,56.81,52.31,67.97,9.45,7.41,14.91,25.06,26.32,23.23
Uttar Pradesh,Muzaffarnagar,56.39,54.85,61.05,27.83,29.41,23.03,28.53,25.41,38.02,43.45,44.97,38.79,23.27,23.32,23.11,60.83,59.39,65.22,10.52,10.11,12.08,22.67,20.82,26.42
Uttar Pradesh,Pilibhit,48.25,44.76,69.86,36.28,35.62,40.41,11.92,9.08,29.45,51.5,54.96,30.14,19.16,17.83,34.09,51.27,47.65,73.63,5.42,4.86,8.47,40.81,42.08,38.37
Uttar Pradesh,Pratapgarh,58.94,58.2,75,47.05,46.97,48.84,11.79,11.13,26.16,39.49,40.19,24.42,35.68,35.54,40.48,70.53,69.94,83.14,9.79,9.8,9.52,31.39,29,53.33
Uttar Pradesh,Rae Bareli,67.77,67.07,78.92,57.08,57.64,48.19,10.39,9.1,30.72,31.6,32.34,19.88,25.07,25.1,24.24,75.69,75.18,83.73,9.82,10.15,3.75,19.91,19.14,23.53
Uttar Pradesh,Rampur,55.23,52.85,63.68,28.6,30.23,22.8,26.63,22.61,40.88,44.47,46.81,36.17,31.97,28.22,49.16,61.35,58.55,71.28,6.97,5.33,14.67,26.83,24.21,31.97
Uttar Pradesh,Saharanpur,62.16,60.34,69.23,39.17,40.89,32.5,23,19.45,36.73,37.63,39.4,30.77,31.65,29.08,44.38,67.4,65.34,75.38,10.77,8.61,21.3,24.32,24.19,24.61
Uttar Pradesh,Sant Kabir Nagar,53.65,53.27,NA,44.07,44.42,NA,9.39,8.68,NA,45.33,45.7,NA,20.67,20.33,NA,60.88,60.41,NA,10.6,10.01,NA,27.45,26.68,NA
Uttar Pradesh,Sant Ravidas Nagar (Bhadohi),61.44,62.81,49.42,42.55,44.47,25.68,18.66,18.13,23.35,37.1,35.79,48.64,35.2,32.98,49.6,69.68,70.48,62.65,11.23,11.37,9.09,21.69,21.2,25
Uttar Pradesh,Shahjahanpur,47.08,45.01,60.83,36.95,36.75,38.29,10.13,8.26,22.54,52.63,54.66,39.17,12.13,10.72,25.14,49.71,47.48,64.55,5.96,5.1,11.43,40.85,38.49,46.6
Uttar Pradesh,Shrawasti,33.17,32.99,NA,28.22,28.22,NA,4.94,4.77,NA,64.99,65.26,NA,17.66,17.28,NA,41.73,41.42,NA,10.99,11,NA,22.46,21.97,NA
Uttar Pradesh,Siddharthnagar,29.99,29.52,NA,21.92,21.71,NA,7.95,7.68,NA,68.15,68.62,NA,21.31,21.01,NA,41.1,40.65,NA,14.38,14.66,NA,21.97,21.03,NA
Uttar Pradesh,Sitapur,56.05,57.18,44.17,47.13,48.61,31.67,8.85,8.5,12.5,41.38,40,55.83,33.39,31.68,46.27,69.87,69.86,70,8.87,8.36,17.11,26.63,25.23,36.67
Uttar Pradesh,Sonbhadra,33.65,31.03,63.64,25.28,24.86,30.07,7.74,5.8,30.07,64.54,67.19,34.27,20.38,20.56,16.33,44.51,42.47,67.83,18.82,19.82,9.3,39.68,36.58,46.51
Uttar Pradesh,Sultanpur,64.21,63.8,NA,51.86,51.88,NA,12.11,11.66,NA,34.22,34.6,NA,47.78,46.5,NA,80.56,79.88,NA,6.44,6.18,NA,22.18,20.58,NA
Uttar Pradesh,Unnao,57.91,57.38,61.06,47.5,48.65,40.63,10.31,8.61,20.43,39.6,40.32,35.34,41.59,37.99,65.99,74.38,72.7,84.38,9.56,8.66,15.98,28.03,26.54,31.76
Uttar Pradesh,Varanasi,66.1,65.97,66.27,31.78,36.96,24.85,33.8,28.78,40.51,32.99,32.99,32.98,23.42,20.28,27.63,70.79,70.06,71.76,9.77,6.15,16.97,31.97,28.65,35.13
Uttarakhand,Almora,48.74,46.84,82.95,43.78,42.76,62.12,4.96,4.07,20.83,50.99,52.87,17.05,30.64,29.8,77.78,64.36,62.59,96.21,9,7.56,26.83,43.37,37.63,63.64
Uttarakhand,Bageshwar,44.69,43.78,69.16,41.18,40.72,53.27,3.52,3.05,15.89,54.7,55.59,30.84,22.97,22.19,60.61,57.26,56.11,87.85,7.47,6.97,17.54,44.81,43.22,52.94
Uttarakhand,Chamoli,44.98,40.74,74.62,42.04,38.79,64.73,2.92,1.93,9.78,54.69,58.9,25.27,29.65,28.94,41.3,61.2,57.78,85.05,7.98,7.42,10.36,38.68,40.65,35.96
Uttarakhand,Champawat,69.8,69.19,73.68,58.88,58.76,59.65,10.92,10.42,14.04,29.8,30.35,26.32,24.6,20.67,53.33,77.13,75.46,87.72,2.98,2.98,2.94,41.61,43.36,33.33
Uttarakhand,Dehradun,73.22,67.3,78.56,40.67,42.12,39.36,28.76,21.71,35.14,25.87,31.47,20.81,39.91,39.27,40.78,79.49,75.13,83.43,25.37,21.89,28.75,35.62,33.13,37.01
Uttarakhand,Haridwar,55.26,45.57,76.82,18.38,16.23,23.18,35.76,28.73,51.39,43.53,53.12,22.21,33.58,31.45,44.93,62.42,54.07,81.01,19.99,14.7,28.24,28,25.16,31.52
Uttarakhand,Nainital,65.43,62.32,70.63,45.67,43.5,49.31,19.73,18.78,21.32,34.27,37.37,29.11,58.15,52.38,70.52,85.36,81.89,91.16,15.97,14.27,18.47,55.64,54.11,57.89
Uttarakhand,Pauri Garhwal,58.25,55.72,75.16,45.6,44.3,54.27,12.2,10.9,20.89,40.46,42.96,23.78,25.73,24.15,44.75,65.54,63.1,81.87,15.76,14.56,22.28,31.28,29.6,37.11
Uttarakhand,Pithoragarh,62.57,57.96,89.54,58.37,54.83,79.08,4.04,2.97,10.29,37.02,41.65,9.97,23.03,22.3,40.98,71.1,67.24,93.63,5.81,4.8,9.92,37.87,35.85,41.27
Uttarakhand,Rudraprayag,47.17,46.98,NA,43.23,43.1,NA,3.92,3.87,NA,52.34,52.52,NA,24.27,24.27,NA,59.87,59.73,NA,9.86,9.77,NA,31.25,30.93,NA
Uttarakhand,Tehri Garhwal,47.14,42.52,82.69,35.91,34.64,45.64,9.57,7.17,28.11,51.28,55.78,16.61,20.46,20.04,31.47,54.25,50,86.99,15.53,15.71,14.5,24.39,21.88,29.34
Uttarakhand,Udham Singh Nagar,63.03,59.82,71.01,35.4,35.6,34.91,27.61,24.19,36.11,36.82,40.11,28.64,43.46,39,58.98,79.03,75.47,87.91,7.22,6.1,10.07,32.5,30.91,35.15
Uttarakhand,Uttarkashi,57.13,54.42,80.69,49.87,48.73,59.85,6.26,4.89,18.15,41.03,43.62,18.53,25.64,24.76,43.75,62.45,59.6,87.26,12.53,13.03,9.03,36.31,29.12,53.19
